Order_ID,Order_Date,Category,Region,Unit_Price,Quantity,Total_Sales
ORD-1000,2025-01-01,Groceries,West,7.84,2,15.68
ORD-1001,2025-01-01,Groceries,West,4.2,3,12.6
ORD-1002,2025-01-01,Groceries,North,10.74,3,32.22
ORD-1003,2025-01-01,Clothing,West,45.55,1,45.55
ORD-1004,2025-01-01,Groceries,South,16.51,3,49.53
ORD-1005,2025-01-01,Electronics,North,136.59,4,546.36
ORD-1006,2025-01-01,Groceries,West,11.8,1,11.8
ORD-1007,2025-01-01,Clothing,West,49.67,2,99.34
ORD-1008,2025-01-01,Groceries,South,10.59,2,21.18
ORD-1009,2025-01-01,Electronics,East,138.57,3,415.71
ORD-1010,2025-01-01,Groceries,South,10.37,2,20.74
ORD-1011,2025-01-01,Clothing,North,42.39,4,169.56
ORD-1012,2025-01-01,Electronics,North,82.19,2,164.38
ORD-1013,2025-01-01,Groceries,West,14.97,1,14.97
ORD-1014,2025-01-01,Groceries,West,14.17,4,56.68
ORD-1015,2025-01-01,Groceries,South,12.47,4,49.88
ORD-1016,2025-01-01,Groceries,North,12.89,4,51.56
ORD-1017,2025-01-01,Electronics,East,133.01,4,532.04
ORD-1018,2025-01-01,Groceries,South,10.72,3,32.16
ORD-1019,2025-01-01,Groceries,North,10.9,1,10.9
ORD-1020,2025-01-01,Groceries,East,15.87,4,63.48
ORD-1021,2025-01-01,Groceries,East,12.65,3,37.95
ORD-1022,2025-01-01,Groceries,North,15.17,3,45.51
ORD-1023,2025-01-01,Clothing,South,45.3,2,90.6
ORD-1024,2025-01-01,Home & Living,North,32.33,4,129.32
ORD-1025,2025-01-01,Clothing,East,36.71,2,73.42
ORD-1026,2025-01-01,Groceries,East,12.63,4,50.52
ORD-1027,2025-01-01,Clothing,North,40.48,2,80.96
ORD-1028,2025-01-01,Electronics,East,102.82,4,411.28
ORD-1029,2025-01-01,Clothing,East,29.37,4,117.48
ORD-1030,2025-01-01,Electronics,South,140.09,2,280.18
ORD-1031,2025-02-01,Clothing,East,29.92,3,89.76
ORD-1032,2025-02-01,Clothing,North,17.63,2,35.26
ORD-1033,2025-02-01,Home & Living,East,63.0,2,126.0
ORD-1034,2025-02-01,Clothing,West,50.59,2,101.18
ORD-1035,2025-02-01,Groceries,South,8.27,3,24.81
ORD-1036,2025-02-01,Electronics,South,104.74,1,104.74
ORD-1037,2025-02-01,Electronics,East,139.55,4,558.2
ORD-1038,2025-02-01,Electronics,West,54.93,1,54.93
ORD-1039,2025-02-01,Groceries,East,12.93,2,25.86
ORD-1040,2025-02-01,Groceries,North,11.04,3,33.12
ORD-1041,2025-02-01,Clothing,South,37.64,1,37.64
ORD-1042,2025-02-01,Clothing,North,39.28,3,117.84
ORD-1043,2025-02-01,Groceries,West,9.44,2,18.88
ORD-1044,2025-02-01,Groceries,East,6.49,3,19.47
ORD-1045,2025-02-01,Electronics,South,53.81,2,107.62
ORD-1046,2025-02-01,Groceries,South,15.35,2,30.7
ORD-1047,2025-02-01,Clothing,East,39.97,1,39.97
ORD-1048,2025-02-01,Clothing,South,38.21,4,152.84
ORD-1049,2025-02-01,Clothing,North,27.65,2,55.3
ORD-1050,2025-02-01,Groceries,North,12.63,3,37.89
ORD-1051,2025-02-01,Groceries,East,5.3,3,15.9
ORD-1052,2025-02-01,Clothing,East,38.37,3,115.11
ORD-1053,2025-02-01,Groceries,West,15.93,3,47.79
ORD-1054,2025-02-01,Electronics,East,76.57,1,76.57
ORD-1055,2025-02-01,Clothing,West,25.14,2,50.28
ORD-1056,2025-02-01,Clothing,South,46.18,3,138.54
ORD-1057,2025-02-01,Clothing,West,34.51,4,138.04
ORD-1058,2025-02-01,Electronics,South,99.53,2,199.06
ORD-1059,2025-02-01,Home & Living,East,58.45,1,58.45
ORD-1060,2025-02-01,Home & Living,East,52.63,1,52.63
ORD-1061,2025-02-01,Clothing,East,37.63,2,75.26
ORD-1062,2025-02-01,Clothing,East,40.15,3,120.45
ORD-1063,2025-02-01,Clothing,North,20.31,4,81.24
ORD-1064,2025-02-01,Electronics,North,197.56,4,790.24
ORD-1065,2025-02-01,Electronics,West,185.76,3,557.28
ORD-1066,2025-02-01,Electronics,West,79.74,4,318.96
ORD-1067,2025-02-01,Home & Living,North,54.9,2,109.8
ORD-1068,2025-03-01,Electronics,North,183.34,2,366.68
ORD-1069,2025-03-01,Groceries,East,3.8,2,7.6
ORD-1070,2025-03-01,Groceries,North,7.12,2,14.24
ORD-1071,2025-03-01,Groceries,East,15.66,1,15.66
ORD-1072,2025-03-01,Electronics,South,98.21,4,392.84
ORD-1073,2025-03-01,Clothing,West,41.46,2,82.92
ORD-1074,2025-03-01,Clothing,North,26.65,2,53.3
ORD-1075,2025-03-01,Groceries,North,12.71,4,50.84
ORD-1076,2025-03-01,Electronics,West,130.27,1,130.27
ORD-1077,2025-03-01,Groceries,West,8.59,3,25.77
ORD-1078,2025-03-01,Clothing,North,27.91,4,111.64
ORD-1079,2025-03-01,Electronics,West,87.19,2,174.38
ORD-1080,2025-03-01,Electronics,East,112.68,4,450.72
ORD-1081,2025-03-01,Home & Living,South,99.22,2,198.44
ORD-1082,2025-03-01,Clothing,East,48.49,1,48.49
ORD-1083,2025-03-01,Home & Living,North,25.66,3,76.98
ORD-1084,2025-03-01,Electronics,West,70.64,4,282.56
ORD-1085,2025-03-01,Electronics,East,67.28,2,134.56
ORD-1086,2025-03-01,Electronics,South,197.79,2,395.58
ORD-1087,2025-03-01,Electronics,North,154.98,3,464.94
ORD-1088,2025-03-01,Clothing,North,33.39,2,66.78
ORD-1089,2025-03-01,Electronics,North,108.01,1,108.01
ORD-1090,2025-03-01,Electronics,East,141.22,3,423.66
ORD-1091,2025-03-01,Clothing,East,39.22,4,156.88
ORD-1092,2025-03-01,Home & Living,North,40.57,3,121.71
ORD-1093,2025-03-01,Electronics,North,246.63,1,246.63
ORD-1094,2025-03-01,Groceries,North,13.54,2,27.08
ORD-1095,2025-03-01,Clothing,North,38.13,4,152.52
ORD-1096,2025-03-01,Groceries,West,13.05,2,26.1
ORD-1097,2025-03-01,Electronics,West,161.73,4,646.92
ORD-1098,2025-03-01,Home & Living,West,45.57,3,136.71
ORD-1099,2025-03-01,Groceries,North,10.83,3,32.49
ORD-1100,2025-03-01,Clothing,West,36.83,4,147.32
ORD-1101,2025-03-01,Clothing,East,32.16,3,96.48
ORD-1102,2025-03-01,Clothing,South,30.54,2,61.08
ORD-1103,2025-03-01,Clothing,South,55.73,2,111.46
ORD-1104,2025-03-01,Clothing,South,31.06,2,62.12
ORD-1105,2025-03-01,Groceries,West,10.66,4,42.64
ORD-1106,2025-03-01,Home & Living,South,89.65,4,358.6
ORD-1107,2025-03-01,Clothing,East,55.93,2,111.86
ORD-1108,2025-03-01,Groceries,East,10.81,4,43.24
ORD-1109,2025-03-01,Clothing,North,46.88,1,46.88
ORD-1110,2025-03-01,Groceries,East,11.24,4,44.96
ORD-1111,2025-03-01,Electronics,North,201.93,3,605.79
ORD-1112,2025-03-01,Home & Living,West,53.66,4,214.64
ORD-1113,2025-04-01,Groceries,West,18.04,2,36.08
ORD-1114,2025-04-01,Groceries,South,7.95,1,7.95
ORD-1115,2025-04-01,Groceries,East,9.32,3,27.96
ORD-1116,2025-04-01,Electronics,East,171.99,1,171.99
ORD-1117,2025-04-01,Clothing,West,38.65,3,115.95
ORD-1118,2025-04-01,Groceries,East,18.46,1,18.46
ORD-1119,2025-04-01,Home & Living,North,66.82,4,267.28
ORD-1120,2025-04-01,Electronics,South,136.58,3,409.74
ORD-1121,2025-04-01,Groceries,South,15.26,3,45.78
ORD-1122,2025-04-01,Home & Living,South,59.69,3,179.07
ORD-1123,2025-04-01,Clothing,North,33.23,2,66.46
ORD-1124,2025-04-01,Electronics,South,164.99,3,494.97
ORD-1125,2025-04-01,Clothing,East,52.78,1,52.78
ORD-1126,2025-04-01,Home & Living,South,59.05,3,177.15
ORD-1127,2025-04-01,Clothing,East,50.95,1,50.95
ORD-1128,2025-04-01,Home & Living,West,66.08,2,132.16
ORD-1129,2025-04-01,Groceries,East,3.99,2,7.98
ORD-1130,2025-04-01,Groceries,South,12.43,1,12.43
ORD-1131,2025-04-01,Groceries,South,6.99,4,27.96
ORD-1132,2025-04-01,Clothing,West,40.28,3,120.84
ORD-1133,2025-04-01,Groceries,West,6.35,2,12.7
ORD-1134,2025-04-01,Home & Living,West,45.56,4,182.24
ORD-1135,2025-04-01,Electronics,North,126.22,3,378.66
ORD-1136,2025-04-01,Home & Living,North,65.6,1,65.6
ORD-1137,2025-04-01,Electronics,North,128.85,4,515.4
ORD-1138,2025-04-01,Home & Living,North,65.42,4,261.68
ORD-1139,2025-04-01,Electronics,East,157.33,4,629.32
ORD-1140,2025-04-01,Groceries,West,6.07,2,12.14
ORD-1141,2025-04-01,Electronics,West,153.72,4,614.88
ORD-1142,2025-04-01,Groceries,West,16.36,4,65.44
ORD-1143,2025-04-01,Electronics,North,85.37,1,85.37
ORD-1144,2025-04-01,Clothing,East,51.24,3,153.72
ORD-1145,2025-04-01,Home & Living,East,43.11,4,172.44
ORD-1146,2025-04-01,Electronics,East,103.89,1,103.89
ORD-1147,2025-04-01,Home & Living,North,27.36,3,82.08
ORD-1148,2025-04-01,Groceries,West,13.9,1,13.9
ORD-1149,2025-04-01,Groceries,North,15.71,2,31.42
ORD-1150,2025-04-01,Electronics,South,71.86,3,215.58
ORD-1151,2025-04-01,Groceries,East,11.24,4,44.96
ORD-1152,2025-04-01,Electronics,South,179.43,3,538.29
ORD-1153,2025-04-01,Groceries,East,16.27,2,32.54
ORD-1154,2025-04-01,Home & Living,East,62.67,2,125.34
ORD-1155,2025-04-01,Clothing,North,58.41,1,58.41
ORD-1156,2025-04-01,Electronics,South,127.21,1,127.21
ORD-1157,2025-04-01,Clothing,East,39.0,2,78.0
ORD-1158,2025-04-01,Clothing,North,25.0,4,100.0
ORD-1159,2025-04-01,Groceries,North,7.53,4,30.12
ORD-1160,2025-04-01,Clothing,North,58.25,1,58.25
ORD-1161,2025-04-01,Groceries,East,13.39,3,40.17
ORD-1162,2025-04-01,Groceries,South,12.74,3,38.22
ORD-1163,2025-04-01,Groceries,South,16.26,1,16.26
ORD-1164,2025-04-01,Groceries,East,22.39,4,89.56
ORD-1165,2025-05-01,Groceries,West,12.37,1,12.37
ORD-1166,2025-05-01,Clothing,West,32.96,2,65.92
ORD-1167,2025-05-01,Clothing,South,24.78,2,49.56
ORD-1168,2025-05-01,Electronics,West,149.95,4,599.8
ORD-1169,2025-05-01,Electronics,South,107.12,3,321.36
ORD-1170,2025-05-01,Electronics,East,162.1,1,162.1
ORD-1171,2025-05-01,Electronics,West,30.41,3,91.23
ORD-1172,2025-05-01,Clothing,East,45.74,1,45.74
ORD-1173,2025-05-01,Electronics,West,3.0,3,9.0
ORD-1174,2025-05-01,Home & Living,South,63.7,2,127.4
ORD-1175,2025-05-01,Groceries,South,5.76,4,23.04
ORD-1176,2025-05-01,Groceries,North,11.66,3,34.98
ORD-1177,2025-05-01,Clothing,North,43.02,3,129.06
ORD-1178,2025-05-01,Groceries,East,18.52,4,74.08
ORD-1179,2025-05-01,Groceries,North,17.34,3,52.02
ORD-1180,2025-05-01,Clothing,North,29.69,2,59.38
ORD-1181,2025-05-01,Groceries,South,13.03,2,26.06
ORD-1182,2025-05-01,Electronics,West,77.65,1,77.65
ORD-1183,2025-05-01,Electronics,South,49.54,1,49.54
ORD-1184,2025-05-01,Clothing,South,48.77,3,146.31
ORD-1185,2025-05-01,Electronics,West,44.11,4,176.44
ORD-1186,2025-05-01,Groceries,East,11.28,2,22.56
ORD-1187,2025-05-01,Groceries,South,12.81,3,38.43
ORD-1188,2025-05-01,Clothing,West,42.95,4,171.8
ORD-1189,2025-05-01,Clothing,West,38.56,3,115.68
ORD-1190,2025-05-01,Clothing,East,31.32,2,62.64
ORD-1191,2025-05-01,Home & Living,South,30.11,3,90.33
ORD-1192,2025-05-01,Clothing,South,24.33,1,24.33
ORD-1193,2025-05-01,Home & Living,North,56.02,2,112.04
ORD-1194,2025-05-01,Clothing,North,43.87,2,87.74
ORD-1195,2025-05-01,Home & Living,South,65.97,2,131.94
ORD-1196,2025-05-01,Groceries,South,11.73,2,23.46
ORD-1197,2025-05-01,Groceries,West,12.76,3,38.28
ORD-1198,2025-05-01,Groceries,West,16.99,4,67.96
ORD-1199,2025-05-01,Home & Living,West,6.8,2,13.6
ORD-1200,2025-05-01,Groceries,North,7.71,1,7.71
ORD-1201,2025-05-01,Groceries,East,7.29,3,21.87
ORD-1202,2025-05-01,Groceries,West,18.44,1,18.44
ORD-1203,2025-05-01,Clothing,East,56.86,4,227.44
ORD-1204,2025-05-01,Clothing,North,15.18,2,30.36
ORD-1205,2025-05-01,Groceries,West,9.92,4,39.68
ORD-1206,2025-05-01,Clothing,South,13.7,1,13.7
ORD-1207,2025-05-01,Groceries,East,17.1,1,17.1
ORD-1208,2025-05-01,Groceries,West,14.16,2,28.32
ORD-1209,2025-05-01,Electronics,North,44.15,4,176.6
ORD-1210,2025-05-01,Electronics,East,130.59,4,522.36
ORD-1211,2025-05-01,Groceries,East,8.77,3,26.31
ORD-1212,2025-05-01,Groceries,North,12.97,4,51.88
ORD-1213,2025-05-01,Groceries,North,10.24,2,20.48
ORD-1214,2025-05-01,Clothing,North,27.56,3,82.68
ORD-1215,2025-05-01,Clothing,East,30.06,3,90.18
ORD-1216,2025-05-01,Electronics,South,11.42,3,34.26
ORD-1217,2025-05-01,Home & Living,East,46.89,3,140.67
ORD-1218,2025-05-01,Clothing,West,31.57,3,94.71
ORD-1219,2025-05-01,Electronics,South,146.08,3,438.24
ORD-1220,2025-05-01,Groceries,West,14.8,3,44.4
ORD-1221,2025-05-01,Clothing,North,30.95,3,92.85
ORD-1222,2025-05-01,Groceries,South,5.08,1,5.08
ORD-1223,2025-06-01,Home & Living,North,91.96,2,183.92
ORD-1224,2025-06-01,Clothing,North,21.76,2,43.52
ORD-1225,2025-06-01,Electronics,East,80.89,4,323.56
ORD-1226,2025-06-01,Clothing,West,31.11,4,124.44
ORD-1227,2025-06-01,Groceries,South,8.39,4,33.56
ORD-1228,2025-06-01,Home & Living,South,20.89,3,62.67
ORD-1229,2025-06-01,Home & Living,East,44.55,4,178.2
ORD-1230,2025-06-01,Groceries,South,13.09,1,13.09
ORD-1231,2025-06-01,Electronics,North,157.61,1,157.61
ORD-1232,2025-06-01,Home & Living,East,62.7,1,62.7
ORD-1233,2025-06-01,Groceries,South,11.33,3,33.99
ORD-1234,2025-06-01,Clothing,East,50.02,3,150.06
ORD-1235,2025-06-01,Groceries,West,10.0,2,20.0
ORD-1236,2025-06-01,Electronics,North,155.59,2,311.18
ORD-1237,2025-06-01,Groceries,East,10.3,4,41.2
ORD-1238,2025-06-01,Clothing,West,46.42,4,185.68
ORD-1239,2025-06-01,Electronics,North,84.79,1,84.79
ORD-1240,2025-06-01,Electronics,East,78.82,2,157.64
ORD-1241,2025-06-01,Clothing,North,32.06,4,128.24
ORD-1242,2025-06-01,Clothing,East,47.59,4,190.36
ORD-1243,2025-06-01,Electronics,South,145.13,2,290.26
ORD-1244,2025-06-01,Clothing,North,34.84,2,69.68
ORD-1245,2025-06-01,Home & Living,East,54.76,1,54.76
ORD-1246,2025-06-01,Clothing,South,16.24,2,32.48
ORD-1247,2025-06-01,Groceries,South,7.91,3,23.73
ORD-1248,2025-06-01,Clothing,South,7.63,4,30.52
ORD-1249,2025-06-01,Groceries,South,17.84,3,53.52
ORD-1250,2025-06-01,Home & Living,South,32.2,2,64.4
ORD-1251,2025-06-01,Groceries,North,12.23,3,36.69
ORD-1252,2025-06-01,Electronics,North,132.52,1,132.52
ORD-1253,2025-06-01,Electronics,North,156.32,1,156.32
ORD-1254,2025-06-01,Groceries,East,16.01,1,16.01
ORD-1255,2025-06-01,Groceries,North,4.56,2,9.12
ORD-1256,2025-06-01,Home & Living,North,90.95,2,181.9
ORD-1257,2025-06-01,Groceries,South,8.43,2,16.86
ORD-1258,2025-06-01,Home & Living,East,34.7,4,138.8
ORD-1259,2025-06-01,Home & Living,West,77.72,3,233.16
ORD-1260,2025-06-01,Clothing,East,42.68,1,42.68
ORD-1261,2025-06-01,Electronics,South,148.59,3,445.77
ORD-1262,2025-06-01,Electronics,South,135.34,3,406.02
ORD-1263,2025-06-01,Electronics,East,94.97,3,284.91
ORD-1264,2025-06-01,Groceries,South,18.92,4,75.68
ORD-1265,2025-06-01,Home & Living,North,82.01,1,82.01
ORD-1266,2025-06-01,Electronics,North,70.79,1,70.79
ORD-1267,2025-06-01,Clothing,North,19.37,2,38.74
ORD-1268,2025-06-01,Electronics,East,200.89,3,602.67
ORD-1269,2025-06-01,Electronics,West,131.2,1,131.2
ORD-1270,2025-06-01,Clothing,South,22.01,1,22.01
ORD-1271,2025-06-01,Electronics,South,63.74,1,63.74
ORD-1272,2025-06-01,Groceries,North,4.85,1,4.85
ORD-1273,2025-06-01,Groceries,West,16.24,4,64.96
ORD-1274,2025-06-01,Clothing,East,24.86,1,24.86
ORD-1275,2025-06-01,Clothing,East,39.55,3,118.65
ORD-1276,2025-06-01,Groceries,West,11.47,3,34.41
ORD-1277,2025-06-01,Clothing,North,37.61,4,150.44
ORD-1278,2025-06-01,Groceries,South,13.01,2,26.02
ORD-1279,2025-06-01,Electronics,South,134.02,3,402.06
ORD-1280,2025-06-01,Groceries,West,13.09,2,26.18
ORD-1281,2025-06-01,Electronics,West,184.7,4,738.8
ORD-1282,2025-06-01,Home & Living,South,31.76,2,63.52
ORD-1283,2025-07-01,Groceries,South,12.12,3,36.36
ORD-1284,2025-07-01,Clothing,East,49.57,3,148.71
ORD-1285,2025-07-01,Groceries,North,18.25,2,36.5
ORD-1286,2025-07-01,Home & Living,West,39.94,4,159.76
ORD-1287,2025-07-01,Electronics,East,184.24,2,368.48
ORD-1288,2025-07-01,Electronics,South,205.73,4,822.92
ORD-1289,2025-07-01,Groceries,South,11.63,3,34.89
ORD-1290,2025-07-01,Clothing,East,73.15,3,219.45
ORD-1291,2025-07-01,Clothing,West,46.63,3,139.89
ORD-1292,2025-07-01,Clothing,South,45.9,2,91.8
ORD-1293,2025-07-01,Clothing,North,35.17,2,70.34
ORD-1294,2025-07-01,Groceries,West,4.25,1,4.25
ORD-1295,2025-07-01,Electronics,West,55.1,2,110.2
ORD-1296,2025-07-01,Home & Living,North,41.13,2,82.26
ORD-1297,2025-07-01,Electronics,South,101.69,1,101.69
ORD-1298,2025-07-01,Clothing,South,38.35,1,38.35
ORD-1299,2025-07-01,Home & Living,South,56.26,3,168.78
ORD-1300,2025-07-01,Electronics,South,119.45,1,119.45
ORD-1301,2025-07-01,Groceries,West,11.89,4,47.56
ORD-1302,2025-07-01,Home & Living,West,32.78,2,65.56
ORD-1303,2025-07-01,Electronics,South,133.0,4,532.0
ORD-1304,2025-07-01,Groceries,West,3.0,4,12.0
ORD-1305,2025-07-01,Groceries,North,9.77,3,29.31
ORD-1306,2025-07-01,Clothing,West,31.26,1,31.26
ORD-1307,2025-07-01,Groceries,South,8.55,3,25.65
ORD-1308,2025-07-01,Clothing,West,39.68,1,39.68
ORD-1309,2025-07-01,Groceries,West,18.35,3,55.05
ORD-1310,2025-07-01,Electronics,North,109.86,3,329.58
ORD-1311,2025-07-01,Clothing,North,22.09,3,66.27
ORD-1312,2025-07-01,Clothing,North,41.67,1,41.67
ORD-1313,2025-07-01,Groceries,West,16.63,3,49.89
ORD-1314,2025-07-01,Clothing,North,41.35,3,124.05
ORD-1315,2025-07-01,Electronics,West,105.69,1,105.69
ORD-1316,2025-07-01,Home & Living,East,43.57,2,87.14
ORD-1317,2025-07-01,Clothing,East,32.96,2,65.92
ORD-1318,2025-07-01,Clothing,North,35.91,2,71.82
ORD-1319,2025-07-01,Home & Living,West,78.31,4,313.24
ORD-1320,2025-07-01,Electronics,North,146.53,4,586.12
ORD-1321,2025-07-01,Clothing,North,46.28,2,92.56
ORD-1322,2025-07-01,Home & Living,East,72.73,4,290.92
ORD-1323,2025-07-01,Clothing,East,38.47,3,115.41
ORD-1324,2025-07-01,Electronics,West,3.0,1,3.0
ORD-1325,2025-07-01,Groceries,North,5.11,4,20.44
ORD-1326,2025-07-01,Home & Living,North,31.75,3,95.25
ORD-1327,2025-07-01,Clothing,East,29.19,3,87.57
ORD-1328,2025-07-01,Groceries,North,13.63,4,54.52
ORD-1329,2025-07-01,Home & Living,East,34.95,2,69.9
ORD-1330,2025-07-01,Electronics,South,58.59,2,117.18
ORD-1331,2025-07-01,Electronics,North,161.6,4,646.4
ORD-1332,2025-07-01,Electronics,South,115.22,2,230.44
ORD-1333,2025-07-01,Home & Living,East,35.01,2,70.02
ORD-1334,2025-07-01,Clothing,East,30.05,3,90.15
ORD-1335,2025-07-01,Clothing,South,40.56,3,121.68
ORD-1336,2025-07-01,Electronics,West,153.1,4,612.4
ORD-1337,2025-07-01,Electronics,West,56.81,2,113.62
ORD-1338,2025-07-01,Groceries,East,14.42,2,28.84
ORD-1339,2025-07-01,Groceries,West,15.48,2,30.96
ORD-1340,2025-07-01,Clothing,South,50.78,2,101.56
ORD-1341,2025-08-01,Groceries,East,15.07,3,45.21
ORD-1342,2025-08-01,Home & Living,East,71.48,1,71.48
ORD-1343,2025-08-01,Clothing,South,30.03,2,60.06
ORD-1344,2025-08-01,Electronics,East,135.31,2,270.62
ORD-1345,2025-08-01,Groceries,North,15.02,2,30.04
ORD-1346,2025-08-01,Clothing,West,52.31,1,52.31
ORD-1347,2025-08-01,Home & Living,East,34.1,4,136.4
ORD-1348,2025-08-01,Electronics,North,107.68,4,430.72
ORD-1349,2025-08-01,Clothing,West,39.08,4,156.32
ORD-1350,2025-08-01,Electronics,East,147.73,3,443.19
ORD-1351,2025-08-01,Home & Living,South,11.4,3,34.2
ORD-1352,2025-08-01,Groceries,West,16.18,3,48.54
ORD-1353,2025-08-01,Clothing,North,29.0,3,87.0
ORD-1354,2025-08-01,Clothing,East,34.98,4,139.92
ORD-1355,2025-08-01,Clothing,West,44.67,4,178.68
ORD-1356,2025-08-01,Clothing,South,46.69,3,140.07
ORD-1357,2025-08-01,Groceries,North,8.95,4,35.8
ORD-1358,2025-08-01,Home & Living,West,65.85,2,131.7
ORD-1359,2025-08-01,Home & Living,West,30.16,4,120.64
ORD-1360,2025-08-01,Groceries,South,21.78,3,65.34
ORD-1361,2025-08-01,Electronics,South,126.74,3,380.22
ORD-1362,2025-08-01,Clothing,South,40.34,2,80.68
ORD-1363,2025-08-01,Electronics,West,99.46,2,198.92
ORD-1364,2025-08-01,Electronics,South,117.29,1,117.29
ORD-1365,2025-08-01,Groceries,North,17.78,1,17.78
ORD-1366,2025-08-01,Groceries,South,7.54,1,7.54
ORD-1367,2025-08-01,Home & Living,North,36.74,4,146.96
ORD-1368,2025-08-01,Clothing,West,68.71,4,274.84
ORD-1369,2025-08-01,Home & Living,North,59.88,4,239.52
ORD-1370,2025-08-01,Groceries,West,12.25,2,24.5
ORD-1371,2025-08-01,Groceries,West,6.41,3,19.23
ORD-1372,2025-08-01,Electronics,East,107.55,3,322.65
ORD-1373,2025-08-01,Clothing,East,44.54,4,178.16
ORD-1374,2025-08-01,Home & Living,North,79.53,1,79.53
ORD-1375,2025-08-01,Groceries,South,15.89,2,31.78
ORD-1376,2025-08-01,Clothing,North,42.37,1,42.37
ORD-1377,2025-08-01,Groceries,West,7.61,2,15.22
ORD-1378,2025-08-01,Groceries,South,8.82,4,35.28
ORD-1379,2025-08-01,Clothing,West,52.85,3,158.55
ORD-1380,2025-08-01,Clothing,North,32.11,2,64.22
ORD-1381,2025-08-01,Home & Living,North,77.67,2,155.34
ORD-1382,2025-08-01,Clothing,North,23.14,3,69.42
ORD-1383,2025-08-01,Electronics,West,86.26,4,345.04
ORD-1384,2025-08-01,Electronics,West,107.84,3,323.52
ORD-1385,2025-08-01,Electronics,West,109.02,1,109.02
ORD-1386,2025-08-01,Groceries,West,10.95,2,21.9
ORD-1387,2025-08-01,Electronics,East,112.58,3,337.74
ORD-1388,2025-08-01,Clothing,East,35.45,1,35.45
ORD-1389,2025-08-01,Groceries,South,18.88,2,37.76
ORD-1390,2025-08-01,Electronics,West,95.56,3,286.68
ORD-1391,2025-08-01,Electronics,North,141.29,2,282.58
ORD-1392,2025-08-01,Electronics,South,166.36,1,166.36
ORD-1393,2025-09-01,Home & Living,East,60.45,4,241.8
ORD-1394,2025-09-01,Clothing,West,36.33,1,36.33
ORD-1395,2025-09-01,Home & Living,North,5.98,2,11.96
ORD-1396,2025-09-01,Electronics,South,103.65,4,414.6
ORD-1397,2025-09-01,Groceries,East,8.06,3,24.18
ORD-1398,2025-09-01,Groceries,North,19.21,2,38.42
ORD-1399,2025-09-01,Electronics,South,68.29,2,136.58
ORD-1400,2025-09-01,Clothing,West,23.03,2,46.06
ORD-1401,2025-09-01,Groceries,South,8.95,1,8.95
ORD-1402,2025-09-01,Clothing,South,40.01,1,40.01
ORD-1403,2025-09-01,Groceries,North,8.8,4,35.2
ORD-1404,2025-09-01,Electronics,West,58.06,3,174.18
ORD-1405,2025-09-01,Groceries,West,14.45,4,57.8
ORD-1406,2025-09-01,Clothing,West,47.09,4,188.36
ORD-1407,2025-09-01,Electronics,East,207.02,2,414.04
ORD-1408,2025-09-01,Electronics,North,78.31,1,78.31
ORD-1409,2025-09-01,Electronics,South,60.49,1,60.49
ORD-1410,2025-09-01,Electronics,West,115.39,3,346.17
ORD-1411,2025-09-01,Clothing,North,26.45,1,26.45
ORD-1412,2025-09-01,Clothing,East,38.57,4,154.28
ORD-1413,2025-09-01,Electronics,West,111.63,1,111.63
ORD-1414,2025-09-01,Electronics,North,57.99,1,57.99
ORD-1415,2025-09-01,Groceries,West,7.22,1,7.22
ORD-1416,2025-09-01,Groceries,East,17.16,3,51.48
ORD-1417,2025-09-01,Home & Living,South,36.98,1,36.98
ORD-1418,2025-09-01,Clothing,East,28.08,1,28.08
ORD-1419,2025-09-01,Groceries,West,9.8,4,39.2
ORD-1420,2025-09-01,Clothing,South,36.04,4,144.16
ORD-1421,2025-09-01,Groceries,South,12.11,3,36.33
ORD-1422,2025-09-01,Electronics,West,189.83,4,759.32
ORD-1423,2025-09-01,Groceries,South,18.73,3,56.19
ORD-1424,2025-09-01,Clothing,West,35.82,2,71.64
ORD-1425,2025-09-01,Home & Living,South,51.57,4,206.28
ORD-1426,2025-09-01,Clothing,South,53.2,2,106.4
ORD-1427,2025-09-01,Groceries,South,9.1,2,18.2
ORD-1428,2025-09-01,Clothing,North,34.54,3,103.62
ORD-1429,2025-09-01,Electronics,South,164.97,4,659.88
ORD-1430,2025-09-01,Electronics,West,99.88,4,399.52
ORD-1431,2025-09-01,Clothing,West,24.97,4,99.88
ORD-1432,2025-09-01,Groceries,North,14.37,4,57.48
ORD-1433,2025-09-01,Home & Living,West,47.5,1,47.5
ORD-1434,2025-09-01,Groceries,North,12.09,3,36.27
ORD-1435,2025-09-01,Groceries,North,13.45,1,13.45
ORD-1436,2025-09-01,Groceries,South,3.32,1,3.32
ORD-1437,2025-09-01,Clothing,West,35.73,3,107.19
ORD-1438,2025-10-01,Clothing,South,34.72,4,138.88
ORD-1439,2025-10-01,Groceries,North,12.68,3,38.04
ORD-1440,2025-10-01,Groceries,East,3.48,1,3.48
ORD-1441,2025-10-01,Home & Living,West,23.49,4,93.96
ORD-1442,2025-10-01,Electronics,West,76.56,4,306.24
ORD-1443,2025-10-01,Clothing,West,4.45,2,8.9
ORD-1444,2025-10-01,Clothing,West,31.99,3,95.97
ORD-1445,2025-10-01,Groceries,South,16.93,4,67.72
ORD-1446,2025-10-01,Clothing,West,20.84,4,83.36
ORD-1447,2025-10-01,Groceries,South,13.62,3,40.86
ORD-1448,2025-10-01,Home & Living,East,50.94,4,203.76
ORD-1449,2025-10-01,Clothing,North,49.28,3,147.84
ORD-1450,2025-10-01,Groceries,East,11.91,4,47.64
ORD-1451,2025-10-01,Electronics,East,163.54,4,654.16
ORD-1452,2025-10-01,Electronics,North,114.43,3,343.29
ORD-1453,2025-10-01,Clothing,West,22.1,3,66.3
ORD-1454,2025-10-01,Clothing,West,39.94,2,79.88
ORD-1455,2025-10-01,Electronics,West,149.6,4,598.4
ORD-1456,2025-10-01,Groceries,South,8.81,1,8.81
ORD-1457,2025-10-01,Electronics,West,96.3,2,192.6
ORD-1458,2025-10-01,Home & Living,East,61.54,1,61.54
ORD-1459,2025-10-01,Clothing,North,33.69,2,67.38
ORD-1460,2025-10-01,Home & Living,North,29.16,4,116.64
ORD-1461,2025-10-01,Electronics,North,206.08,4,824.32
ORD-1462,2025-10-01,Clothing,East,28.91,4,115.64
ORD-1463,2025-10-01,Clothing,North,30.47,4,121.88
ORD-1464,2025-10-01,Home & Living,North,72.24,4,288.96
ORD-1465,2025-10-01,Clothing,North,21.48,1,21.48
ORD-1466,2025-10-01,Home & Living,West,74.19,3,222.57
ORD-1467,2025-10-01,Home & Living,West,63.1,2,126.2
ORD-1468,2025-10-01,Electronics,East,136.4,2,272.8
ORD-1469,2025-10-01,Clothing,West,38.49,1,38.49
ORD-1470,2025-10-01,Groceries,South,3.0,2,6.0
ORD-1471,2025-10-01,Clothing,South,13.97,1,13.97
ORD-1472,2025-10-01,Electronics,West,71.1,3,213.3
ORD-1473,2025-10-01,Clothing,East,26.94,4,107.76
ORD-1474,2025-10-01,Electronics,North,140.8,4,563.2
ORD-1475,2025-10-01,Home & Living,East,67.05,2,134.1
ORD-1476,2025-10-01,Home & Living,North,26.8,1,26.8
ORD-1477,2025-10-01,Electronics,North,110.82,4,443.28
ORD-1478,2025-10-01,Electronics,West,151.26,2,302.52
ORD-1479,2025-10-01,Clothing,North,34.89,4,139.56
ORD-1480,2025-10-01,Groceries,West,20.92,3,62.76
ORD-1481,2025-10-01,Home & Living,North,82.36,1,82.36
ORD-1482,2025-10-01,Electronics,West,164.8,3,494.4
ORD-1483,2025-10-01,Clothing,East,32.39,1,32.39
ORD-1484,2025-10-01,Electronics,East,183.05,1,183.05
ORD-1485,2025-10-01,Groceries,North,15.3,4,61.2
ORD-1486,2025-10-01,Groceries,West,14.98,3,44.94
ORD-1487,2025-10-01,Electronics,South,80.93,3,242.79
ORD-1488,2025-10-01,Clothing,South,34.0,4,136.0
ORD-1489,2025-10-01,Home & Living,South,30.05,3,90.15
ORD-1490,2025-10-01,Clothing,East,39.33,3,117.99
ORD-1491,2025-10-01,Electronics,North,113.52,3,340.56
ORD-1492,2025-10-01,Home & Living,West,85.33,2,170.66
ORD-1493,2025-10-01,Clothing,West,31.09,4,124.36
ORD-1494,2025-10-01,Groceries,South,10.42,4,41.68
ORD-1495,2025-10-01,Groceries,East,21.2,4,84.8
ORD-1496,2025-10-01,Clothing,East,39.29,4,157.16
ORD-1497,2025-11-01,Home & Living,South,37.92,3,113.76
ORD-1498,2025-11-01,Groceries,East,12.16,1,12.16
ORD-1499,2025-11-01,Clothing,East,17.87,3,53.61
ORD-1500,2025-11-01,Electronics,East,170.63,2,341.26
ORD-1501,2025-11-01,Groceries,South,11.24,3,33.72
ORD-1502,2025-11-01,Electronics,North,54.43,4,217.72
ORD-1503,2025-11-01,Electronics,East,140.25,2,280.5
ORD-1504,2025-11-01,Home & Living,East,61.6,1,61.6
ORD-1505,2025-11-01,Electronics,South,159.51,4,638.04
ORD-1506,2025-11-01,Electronics,South,128.04,1,128.04
ORD-1507,2025-11-01,Electronics,East,91.99,4,367.96
ORD-1508,2025-11-01,Electronics,West,70.32,1,70.32
ORD-1509,2025-11-01,Groceries,South,14.85,1,14.85
ORD-1510,2025-11-01,Groceries,South,9.5,2,19.0
ORD-1511,2025-11-01,Electronics,South,110.47,2,220.94
ORD-1512,2025-11-01,Electronics,South,118.06,1,118.06
ORD-1513,2025-11-01,Clothing,South,35.81,1,35.81
ORD-1514,2025-11-01,Clothing,North,11.03,4,44.12
ORD-1515,2025-11-01,Groceries,South,9.14,2,18.28
ORD-1516,2025-11-01,Groceries,West,4.26,3,12.78
ORD-1517,2025-11-01,Groceries,West,11.06,4,44.24
ORD-1518,2025-11-01,Groceries,North,16.32,4,65.28
ORD-1519,2025-11-01,Electronics,South,23.94,2,47.88
ORD-1520,2025-11-01,Clothing,East,38.71,4,154.84
ORD-1521,2025-11-01,Groceries,North,20.04,3,60.12
ORD-1522,2025-11-01,Groceries,West,5.25,4,21.0
ORD-1523,2025-11-01,Home & Living,South,49.78,1,49.78
ORD-1524,2025-11-01,Clothing,East,33.74,4,134.96
ORD-1525,2025-11-01,Home & Living,East,19.39,4,77.56
ORD-1526,2025-11-01,Clothing,North,39.75,1,39.75
ORD-1527,2025-11-01,Electronics,South,93.82,4,375.28
ORD-1528,2025-11-01,Groceries,North,9.49,3,28.47
ORD-1529,2025-11-01,Electronics,South,156.41,4,625.64
ORD-1530,2025-11-01,Home & Living,East,57.8,2,115.6
ORD-1531,2025-11-01,Groceries,South,8.24,4,32.96
ORD-1532,2025-11-01,Home & Living,South,58.24,1,58.24
ORD-1533,2025-11-01,Clothing,West,35.3,4,141.2
ORD-1534,2025-11-01,Groceries,West,11.95,3,35.85
ORD-1535,2025-11-01,Electronics,East,121.32,3,363.96
ORD-1536,2025-11-01,Home & Living,North,61.91,1,61.91
ORD-1537,2025-11-01,Clothing,North,41.6,4,166.4
ORD-1538,2025-11-01,Clothing,South,15.55,1,15.55
ORD-1539,2025-11-01,Electronics,South,75.68,3,227.04
ORD-1540,2025-11-01,Clothing,East,18.08,3,54.24
ORD-1541,2025-11-01,Groceries,South,13.51,1,13.51
ORD-1542,2025-11-01,Clothing,North,37.86,1,37.86
ORD-1543,2025-11-01,Groceries,North,11.78,4,47.12
ORD-1544,2025-11-01,Clothing,North,17.94,1,17.94
ORD-1545,2025-11-01,Clothing,West,41.1,1,41.1
ORD-1546,2025-11-01,Home & Living,South,47.32,3,141.96
ORD-1547,2025-11-01,Clothing,North,34.49,2,68.98
ORD-1548,2025-11-01,Home & Living,North,65.64,4,262.56
ORD-1549,2025-11-01,Groceries,North,13.3,2,26.6
ORD-1550,2025-12-01,Electronics,West,122.1,2,244.2
ORD-1551,2025-12-01,Electronics,West,128.66,3,385.98
ORD-1552,2025-12-01,Groceries,North,18.36,3,55.08
ORD-1553,2025-12-01,Home & Living,East,30.6,1,30.6
ORD-1554,2025-12-01,Groceries,West,11.93,1,11.93
ORD-1555,2025-12-01,Home & Living,South,19.7,4,78.8
ORD-1556,2025-12-01,Home & Living,East,50.92,4,203.68
ORD-1557,2025-12-01,Groceries,North,3.0,2,6.0
ORD-1558,2025-12-01,Electronics,East,122.41,3,367.23
ORD-1559,2025-12-01,Groceries,West,11.29,4,45.16
ORD-1560,2025-12-01,Home & Living,East,80.46,4,321.84
ORD-1561,2025-12-01,Groceries,North,11.05,4,44.2
ORD-1562,2025-12-01,Groceries,East,4.96,1,4.96
ORD-1563,2025-12-01,Home & Living,South,102.74,2,205.48
ORD-1564,2025-12-01,Groceries,West,19.19,1,19.19
ORD-1565,2025-12-01,Electronics,West,130.08,3,390.24
ORD-1566,2025-12-01,Clothing,South,26.62,3,79.86
ORD-1567,2025-12-01,Home & Living,South,57.7,4,230.8
ORD-1568,2025-12-01,Groceries,East,5.54,1,5.54
ORD-1569,2025-12-01,Groceries,North,9.1,4,36.4
ORD-1570,2025-12-01,Electronics,East,73.86,2,147.72
ORD-1571,2025-12-01,Clothing,South,27.33,2,54.66
ORD-1572,2025-12-01,Home & Living,South,59.96,4,239.84
ORD-1573,2025-12-01,Home & Living,East,44.3,2,88.6
ORD-1574,2025-12-01,Clothing,East,18.42,1,18.42
ORD-1575,2025-12-01,Home & Living,East,30.02,3,90.06
ORD-1576,2025-12-01,Groceries,North,21.5,4,86.0
ORD-1577,2025-12-01,Electronics,East,69.24,2,138.48
ORD-1578,2025-12-01,Groceries,East,3.0,4,12.0
ORD-1579,2025-12-01,Clothing,East,29.56,1,29.56
ORD-1580,2025-12-01,Electronics,West,112.62,4,450.48
ORD-1581,2025-12-01,Clothing,North,42.69,1,42.69
ORD-1582,2025-12-01,Home & Living,West,57.53,3,172.59
ORD-1583,2025-12-01,Clothing,North,42.28,2,84.56
ORD-1584,2025-12-01,Electronics,North,57.1,2,114.2
ORD-1585,2025-12-01,Home & Living,North,77.55,1,77.55
ORD-1586,2025-12-01,Groceries,West,9.88,1,9.88
ORD-1587,2025-12-01,Groceries,East,11.64,2,23.28
ORD-1588,2025-12-01,Clothing,South,17.7,2,35.4
ORD-1589,2025-12-01,Clothing,North,18.58,1,18.58
ORD-1590,2025-12-01,Groceries,North,12.45,2,24.9
ORD-1591,2025-12-01,Electronics,South,142.8,3,428.4
ORD-1592,2025-12-01,Groceries,North,8.9,4,35.6
ORD-1593,2025-12-01,Groceries,North,10.03,4,40.12
ORD-1594,2025-12-01,Groceries,South,9.52,1,9.52
ORD-1595,2025-12-01,Groceries,East,16.4,2,32.8
ORD-1596,2025-12-01,Groceries,East,21.07,1,21.07
ORD-1597,2025-12-01,Electronics,East,67.07,3,201.21
ORD-1598,2025-12-01,Groceries,South,7.77,4,31.08
ORD-1599,2025-12-01,Clothing,North,20.4,4,81.6
ORD-1600,2025-12-01,Clothing,North,68.71,4,274.84
